stall_ms,period_ms,verdict,tx_events,max_gap_ms,median_gap_ms,p90_gap_ms,capture,transcript,verdict_v2,monotone_prefix_max_ms,it_count,poll_count
1,50,PASS,5,16273,4384,8260,s1_p50.log,s1_p50.txt,PASS,16273,2,3
1,100,PASS,5,16253,4385,8262,s1_p100.log,s1_p100.txt,PASS,16253,2,3
1,140,PASS,5,16258,4382,8255,s1_p140.log,s1_p140.txt,PASS,16258,2,3
1,145,PASS,5,16260,4386,8263,s1_p145.log,s1_p145.txt,PASS,16260,2,3
1,150,PASS,5,16256,4390,8273,s1_p150.log,s1_p150.txt,PASS,16256,2,3
1,155,PASS,5,16273,4381,8254,s1_p155.log,s1_p155.txt,PASS,16273,2,3
1,160,PASS,5,16255,4394,8279,s1_p160.log,s1_p160.txt,PASS,16255,2,3
1,200,PASS,5,16255,4396,8285,s1_p200.log,s1_p200.txt,PASS,16255,2,3
1,250,PASS,5,16259,4382,8256,s1_p250.log,s1_p250.txt,PASS,16259,2,3
1,300,PASS,5,16266,4389,8270,s1_p300.log,s1_p300.txt,PASS,16266,2,3
1,500,PASS,5,16255,4386,8263,s1_p500.log,s1_p500.txt,PASS,16255,2,3
1,1000,PASS,5,16258,4394,8280,s1_p1000.log,s1_p1000.txt,PASS,16258,2,3
2,50,PASS,5,16277,4386,8264,s2_p50.log,s2_p50.txt,PASS,16277,2,3
2,100,PASS,5,16256,4380,8253,s2_p100.log,s2_p100.txt,PASS,16256,2,3
2,140,PASS,5,16258,4386,8264,s2_p140.log,s2_p140.txt,PASS,16258,2,3
2,145,PASS,5,16267,4386,8264,s2_p145.log,s2_p145.txt,PASS,16267,2,3
2,150,PASS,5,16259,4384,8261,s2_p150.log,s2_p150.txt,PASS,16259,2,3
2,155,PASS,5,16271,4386,8265,s2_p155.log,s2_p155.txt,PASS,16271,2,3
2,160,PASS,5,16285,4396,8283,s2_p160.log,s2_p160.txt,PASS,16285,2,3
2,200,PASS,5,16253,4394,8281,s2_p200.log,s2_p200.txt,PASS,16253,2,3
2,250,PASS,5,16266,4391,8274,s2_p250.log,s2_p250.txt,PASS,16266,2,3
2,300,PASS,5,16264,4382,8256,s2_p300.log,s2_p300.txt,PASS,16264,2,3
2,500,PASS,5,16282,4397,8286,s2_p500.log,s2_p500.txt,PASS,16282,2,3
2,1000,PASS,5,16267,4394,8279,s2_p1000.log,s2_p1000.txt,PASS,16267,2,3
3,50,PASS,5,16254,4382,8253,s3_p50.log,s3_p50.txt,PASS,16254,2,3
3,100,PASS,5,16257,4392,8276,s3_p100.log,s3_p100.txt,PASS,16257,2,3
3,140,PASS,5,16262,4384,8261,s3_p140.log,s3_p140.txt,PASS,16262,2,3
3,145,PASS,5,16257,4388,8269,s3_p145.log,s3_p145.txt,PASS,16257,2,3
3,150,PASS,5,16274,4384,8260,s3_p150.log,s3_p150.txt,PASS,16274,2,3
3,155,PASS,5,16261,4384,8259,s3_p155.log,s3_p155.txt,PASS,16261,2,3
3,160,PASS,5,16253,4386,8264,s3_p160.log,s3_p160.txt,PASS,16253,2,3
3,200,PASS,5,16266,4380,8253,s3_p200.log,s3_p200.txt,PASS,16266,2,3
3,250,PASS,5,16265,4384,8261,s3_p250.log,s3_p250.txt,PASS,16265,2,3
3,300,PASS,5,16265,4384,8259,s3_p300.log,s3_p300.txt,PASS,16265,2,3
3,500,PASS,5,16261,4382,8257,s3_p500.log,s3_p500.txt,PASS,16261,2,3
3,1000,PASS,5,16257,4390,8272,s3_p1000.log,s3_p1000.txt,PASS,16257,2,3
4,50,PASS,5,16278,4390,8272,s4_p50.log,s4_p50.txt,PASS,16278,2,3
4,100,PASS,5,16276,4392,8275,s4_p100.log,s4_p100.txt,PASS,16276,2,3
4,140,PASS,5,16257,3886,6127,s4_p140.log,s4_p140.txt,PASS,16257,2,3
4,145,PASS,5,16260,4382,8257,s4_p145.log,s4_p145.txt,PASS,16260,2,3
4,150,PASS,5,16255,4398,8287,s4_p150.log,s4_p150.txt,PASS,16255,2,3
4,155,PASS,5,16262,4383,8258,s4_p155.log,s4_p155.txt,PASS,16262,2,3
4,160,PASS,5,16262,4382,8257,s4_p160.log,s4_p160.txt,PASS,16262,2,3
4,200,PASS,5,16266,4393,8278,s4_p200.log,s4_p200.txt,PASS,16266,2,3
4,250,PASS,5,16253,4386,8265,s4_p250.log,s4_p250.txt,PASS,16253,2,3
4,300,PASS,5,16260,4386,8264,s4_p300.log,s4_p300.txt,PASS,16260,2,3
4,500,PASS,5,16262,4395,8282,s4_p500.log,s4_p500.txt,PASS,16262,2,3
4,1000,PASS,5,16254,4382,8255,s4_p1000.log,s4_p1000.txt,PASS,16254,2,3
5,50,PASS,5,16257,4391,8272,s5_p50.log,s5_p50.txt,PASS,16257,2,3
5,100,PASS,5,16265,4382,8255,s5_p100.log,s5_p100.txt,PASS,16265,2,3
5,140,PASS,5,16256,4382,8256,s5_p140.log,s5_p140.txt,PASS,16256,2,3
5,145,PASS,5,16267,4382,8255,s5_p145.log,s5_p145.txt,PASS,16267,2,3
5,150,PASS,5,16265,4386,8265,s5_p150.log,s5_p150.txt,PASS,16265,2,3
5,155,PASS,5,16258,4387,8266,s5_p155.log,s5_p155.txt,PASS,16258,2,3
5,160,PASS,5,16256,4393,8278,s5_p160.log,s5_p160.txt,PASS,16256,2,3
5,200,PASS,5,16261,4394,8279,s5_p200.log,s5_p200.txt,PASS,16261,2,3
5,250,PASS,5,16274,4380,8253,s5_p250.log,s5_p250.txt,PASS,16274,2,3
5,300,PASS,5,16265,4393,8278,s5_p300.log,s5_p300.txt,PASS,16265,2,3
5,500,PASS,5,16262,4395,8282,s5_p500.log,s5_p500.txt,PASS,16262,2,3
5,1000,PASS,5,16257,4388,8267,s5_p1000.log,s5_p1000.txt,PASS,16257,2,3
6,50,PASS,5,16255,4384,8259,s6_p50.log,s6_p50.txt,PASS,16255,2,3
6,100,PASS,5,16261,4384,8261,s6_p100.log,s6_p100.txt,PASS,16261,2,3
6,140,PASS,5,16253,4384,8260,s6_p140.log,s6_p140.txt,PASS,16253,2,3
6,145,PASS,5,16259,4383,8258,s6_p145.log,s6_p145.txt,PASS,16259,2,3
6,150,PASS,5,16265,4384,8261,s6_p150.log,s6_p150.txt,PASS,16265,2,3
6,155,PASS,5,16273,4387,8266,s6_p155.log,s6_p155.txt,PASS,16273,2,3
6,160,PASS,5,16278,4385,8262,s6_p160.log,s6_p160.txt,PASS,16278,2,3
6,200,PASS,5,16281,4384,8261,s6_p200.log,s6_p200.txt,PASS,16281,2,3
6,250,PASS,5,16274,4384,8259,s6_p250.log,s6_p250.txt,PASS,16274,2,3
6,300,PASS,5,16261,4387,8266,s6_p300.log,s6_p300.txt,PASS,16261,2,3
6,500,PASS,5,16254,4384,8261,s6_p500.log,s6_p500.txt,PASS,16254,2,3
6,1000,PASS,5,16257,4382,8256,s6_p1000.log,s6_p1000.txt,PASS,16257,2,3
7,50,PASS,5,16272,4384,8260,s7_p50.log,s7_p50.txt,PASS,16272,2,3
7,100,PASS,5,16264,4384,8259,s7_p100.log,s7_p100.txt,PASS,16264,2,3
7,140,PASS,5,16267,4384,8260,s7_p140.log,s7_p140.txt,PASS,16267,2,3
7,145,PASS,5,16259,4386,8265,s7_p145.log,s7_p145.txt,PASS,16259,2,3
7,150,PASS,5,16259,4390,8271,s7_p150.log,s7_p150.txt,PASS,16259,2,3
7,155,PASS,5,16264,4382,8257,s7_p155.log,s7_p155.txt,PASS,16264,2,3
7,160,PASS,5,16282,4384,8259,s7_p160.log,s7_p160.txt,PASS,16282,2,3
7,200,PASS,5,16260,4382,8257,s7_p200.log,s7_p200.txt,PASS,16260,2,3
7,250,PASS,5,16255,4380,8253,s7_p250.log,s7_p250.txt,PASS,16255,2,3
7,300,PASS,5,16261,4385,8262,s7_p300.log,s7_p300.txt,PASS,16261,2,3
7,500,PASS,5,16260,4388,8268,s7_p500.log,s7_p500.txt,PASS,16260,2,3
7,1000,PASS,5,16265,4387,8266,s7_p1000.log,s7_p1000.txt,PASS,16265,2,3
8,50,PASS,5,16267,4382,8255,s8_p50.log,s8_p50.txt,PASS,16267,2,3
8,100,PASS,5,16278,4386,8263,s8_p100.log,s8_p100.txt,PASS,16278,2,3
8,140,PASS,5,16258,4388,8269,s8_p140.log,s8_p140.txt,PASS,16258,2,3
8,145,PASS,5,16284,4385,8262,s8_p145.log,s8_p145.txt,PASS,16284,2,3
8,150,PASS,5,16277,4386,8263,s8_p150.log,s8_p150.txt,PASS,16277,2,3
8,155,PASS,5,16256,4382,8255,s8_p155.log,s8_p155.txt,PASS,16256,2,3
8,160,PASS,5,16262,4386,8265,s8_p160.log,s8_p160.txt,PASS,16262,2,3
8,200,PASS,5,16255,4386,8264,s8_p200.log,s8_p200.txt,PASS,16255,2,3
8,250,PASS,5,16257,4393,8278,s8_p250.log,s8_p250.txt,PASS,16257,2,3
8,300,PASS,5,16262,4394,8281,s8_p300.log,s8_p300.txt,PASS,16262,2,3
8,500,PASS,5,16257,4384,8260,s8_p500.log,s8_p500.txt,PASS,16257,2,3
8,1000,PASS,5,16254,4385,8262,s8_p1000.log,s8_p1000.txt,PASS,16254,2,3
9,50,FAIL_STUCK,39,3200,600,1000,s9_p50.log,s9_p50.txt,FAIL_STUCK,1000,0,39
9,100,FAIL_STUCK,15,5000,1450,3100,s9_p100.log,s9_p100.txt,FAIL_STUCK,4600,2,13
9,140,FAIL_STUCK,9,7980,2030,7840,s9_p140.log,s9_p140.txt,FAIL_CYCLING,8513,2,7
9,145,PASS,6,10007,6380,6740,s9_p145.log,s9_p145.txt,FAIL_CYCLING,10007,2,4
9,150,FAIL_STUCK,10,6000,2394,3750,s9_p150.log,s9_p150.txt,FAIL_STUCK,6594,2,8
9,155,PASS,8,8060,2482,6200,s9_p155.log,s9_p155.txt,FAIL_CYCLING,6200,2,6
9,160,FAIL_STUCK,7,5440,2546,3360,s9_p160.log,s9_p160.txt,FAIL_STUCK,7040,2,5
9,200,FAIL_STUCK,6,7600,4119,6200,s9_p200.log,s9_p200.txt,FAIL_STUCK,7600,2,4
9,250,FAIL_STUCK,5,6463,3254,6000,s9_p250.log,s9_p250.txt,FAIL_STUCK,6463,2,3
9,300,PASS,11,9900,750,8100,s9_p300.log,s9_p300.txt,FAIL_CYCLING,9900,2,9
9,500,PASS,5,16260,4382,8255,s9_p500.log,s9_p500.txt,PASS,16260,2,3
9,1000,FAIL_STUCK,5,6157,3246,4894,s9_p1000.log,s9_p1000.txt,PASS,8263,2,3
10,50,FAIL_STUCK,53,1151,550,550,s10_p50.log,s10_p50.txt,FAIL_STUCK,551,0,53
10,100,FAIL_STUCK,24,1900,700,1201,s10_p100.log,s10_p100.txt,FAIL_STUCK,1800,1,23
10,140,FAIL_STUCK,11,5880,2240,4340,s10_p140.log,s10_p140.txt,FAIL_STUCK,4340,2,9
10,145,FAIL_STUCK,25,4785,870,2320,s10_p145.log,s10_p145.txt,FAIL_STUCK,2610,0,25
10,150,FAIL_STUCK,23,3300,1050,2099,s10_p150.log,s10_p150.txt,FAIL_STUCK,2099,2,21
10,155,FAIL_STUCK,16,4960,1240,2481,s10_p155.log,s10_p155.txt,FAIL_STUCK,2169,1,15
10,160,FAIL_STUCK,19,3360,1360,2560,s10_p160.log,s10_p160.txt,FAIL_STUCK,2560,2,17
10,200,FAIL_STUCK,42,3000,600,691,s10_p200.log,s10_p200.txt,FAIL_STUCK,3000,2,40
10,250,FAIL_STUCK,15,5250,1500,3001,s10_p250.log,s10_p250.txt,FAIL_STUCK,6750,2,13
10,300,FAIL_STUCK,28,3300,601,1800,s10_p300.log,s10_p300.txt,FAIL_STUCK,1800,2,26
10,500,FAIL_STUCK,8,7000,1000,6000,s10_p500.log,s10_p500.txt,FAIL_STUCK,5747,2,6
10,1000,PASS,9,8220,1500,4468,s10_p1000.log,s10_p1000.txt,FAIL_CYCLING,8753,2,7
15,50,FAIL_STUCK,31,7149,650,1000,s15_p50.log,s15_p50.txt,FAIL_STUCK,1000,0,31
15,100,PASS,4,16268,508,508,s15_p100.log,s15_p100.txt,PASS,16268,2,2
15,140,FAIL_STUCK,17,4480,1190,3640,s15_p140.log,s15_p140.txt,FAIL_STUCK,4900,2,15
15,145,FAIL_STUCK,24,2465,1015,2030,s15_p145.log,s15_p145.txt,FAIL_STUCK,1305,2,22
15,150,FAIL_STUCK,23,2549,1050,1801,s15_p150.log,s15_p150.txt,FAIL_STUCK,1501,0,23
15,155,FAIL_STUCK,23,4188,929,1550,s15_p155.log,s15_p155.txt,FAIL_STUCK,4188,0,23
15,160,FAIL_STUCK,17,3041,1360,2560,s15_p160.log,s15_p160.txt,FAIL_STUCK,2559,2,15
15,200,FAIL_STUCK,23,3999,900,2001,s15_p200.log,s15_p200.txt,FAIL_STUCK,2001,1,22
15,250,FAIL_STUCK,15,4999,1246,2500,s15_p250.log,s15_p250.txt,FAIL_STUCK,3703,2,13
15,300,FAIL_STUCK,10,6001,2101,4200,s15_p300.log,s15_p300.txt,FAIL_STUCK,2101,2,8
15,500,PASS,7,9204,2750,8263,s15_p500.log,s15_p500.txt,FAIL_CYCLING,9204,2,5
15,1000,PASS,5,8384,4382,8255,s15_p1000.log,s15_p1000.txt,PASS,8788,2,3
20,50,FAIL_STUCK,48,800,600,700,s20_p50.log,s20_p50.txt,FAIL_STUCK,701,0,48
20,100,FAIL_STUCK,22,4000,1000,2000,s20_p100.log,s20_p100.txt,FAIL_STUCK,4000,2,20
20,140,FAIL_STUCK,41,3221,560,1121,s20_p140.log,s20_p140.txt,FAIL_STUCK,3221,0,41
20,145,FAIL_STUCK,17,5364,1522,2756,s20_p145.log,s20_p145.txt,FAIL_STUCK,2029,2,15
20,150,FAIL_STUCK,23,3000,1124,2250,s20_p150.log,s20_p150.txt,FAIL_STUCK,2251,2,21
20,155,FAIL_STUCK,19,3566,1322,2945,s20_p155.log,s20_p155.txt,FAIL_STUCK,4805,2,17
20,160,FAIL_STUCK,17,5600,1520,1921,s20_p160.log,s20_p160.txt,FAIL_STUCK,1919,0,17
20,200,FAIL_STUCK,27,3000,601,2691,s20_p200.log,s20_p200.txt,FAIL_STUCK,6199,2,25
20,250,FAIL_STUCK,16,3250,1750,2750,s20_p250.log,s20_p250.txt,FAIL_STUCK,3250,2,14
20,300,FAIL_STUCK,19,3299,602,2700,s20_p300.log,s20_p300.txt,FAIL_STUCK,5339,2,17
20,500,FAIL_STUCK,14,5000,1501,3501,s20_p500.log,s20_p500.txt,FAIL_STUCK,3501,2,12
20,1000,PASS,6,11727,1000,6765,s20_p1000.log,s20_p1000.txt,FAIL_CYCLING,11727,2,4
25,50,FAIL_STUCK,4,601,600,600,s25_p50.log,s25_p50.txt,FAIL_STUCK,601,1,3
25,100,PASS,5,8277,564,621,s25_p100.log,s25_p100.txt,FAIL_CYCLING,8811,2,3
25,140,FAIL_STUCK,38,3801,560,995,s25_p140.log,s25_p140.txt,FAIL_STUCK,817,0,38
25,145,FAIL_STUCK,26,3190,726,1741,s25_p145.log,s25_p145.txt,FAIL_STUCK,1304,2,24
25,150,FAIL_STUCK,26,3300,900,1500,s25_p150.log,s25_p150.txt,FAIL_STUCK,2550,0,26
25,155,FAIL_STUCK,17,4339,1317,3564,s25_p155.log,s25_p155.txt,FAIL_STUCK,3255,1,16
25,160,FAIL_STUCK,20,4160,1119,3200,s25_p160.log,s25_p160.txt,FAIL_STUCK,1120,2,18
25,200,FAIL_STUCK,14,4801,2200,4000,s25_p200.log,s25_p200.txt,FAIL_STUCK,4800,2,12
25,250,FAIL_STUCK,15,4000,1750,2500,s25_p250.log,s25_p250.txt,FAIL_STUCK,1750,0,15
25,300,FAIL_STUCK,20,3000,901,2700,s25_p300.log,s25_p300.txt,FAIL_STUCK,2699,2,18
25,500,PASS,4,9500,2491,2491,s25_p500.log,s25_p500.txt,PASS,9500,2,2
25,1000,PASS,6,12001,3000,4000,s25_p1000.log,s25_p1000.txt,PASS,6000,2,4
30,50,FAIL_STUCK,31,1000,1000,1000,s30_p50.log,s30_p50.txt,FAIL_STUCK,1000,0,31
30,100,PASS,7,8000,3887,8000,s30_p100.log,s30_p100.txt,FAIL_CYCLING,8282,2,5
30,140,FAIL_STUCK,29,1960,840,1680,s30_p140.log,s30_p140.txt,FAIL_STUCK,840,0,29
30,145,FAIL_STUCK,12,5945,2031,3915,s30_p145.log,s30_p145.txt,FAIL_STUCK,6965,2,10
30,150,FAIL_STUCK,23,2701,1200,2250,s30_p150.log,s30_p150.txt,FAIL_STUCK,2253,2,21
30,155,FAIL_STUCK,22,3255,931,2326,s30_p155.log,s30_p155.txt,FAIL_STUCK,1550,0,22
30,160,FAIL_STUCK,10,4480,2559,4477,s30_p160.log,s30_p160.txt,FAIL_STUCK,4480,0,10
30,200,FAIL_STUCK,19,3092,1500,2001,s30_p200.log,s30_p200.txt,FAIL_STUCK,2201,2,17
30,250,FAIL_STUCK,17,3500,1371,2501,s30_p250.log,s30_p250.txt,FAIL_STUCK,2999,1,16
30,300,FAIL_STUCK,18,4499,1500,3000,s30_p300.log,s30_p300.txt,FAIL_STUCK,5699,2,16
30,500,FAIL_STUCK,10,6000,1501,4500,s30_p500.log,s30_p500.txt,FAIL_STUCK,4500,2,8
30,1000,PASS,9,11000,1326,6001,s30_p1000.log,s30_p1000.txt,FAIL_CYCLING,3159,2,7
35,50,FAIL_STUCK,44,950,650,800,s35_p50.log,s35_p50.txt,FAIL_STUCK,800,0,44
35,100,PASS,22,11499,700,1500,s35_p100.log,s35_p100.txt,FAIL_CYCLING,2000,2,20
35,140,FAIL_STUCK,27,2240,1120,1680,s35_p140.log,s35_p140.txt,FAIL_STUCK,980,0,27
35,145,FAIL_STUCK,38,2030,615,1159,s35_p145.log,s35_p145.txt,FAIL_STUCK,2030,0,38
35,150,FAIL_STUCK,16,5999,1051,2851,s35_p150.log,s35_p150.txt,FAIL_STUCK,5999,2,14
35,155,FAIL_STUCK,21,2325,1522,2015,s35_p155.log,s35_p155.txt,FAIL_STUCK,1704,2,19
35,160,FAIL_STUCK,21,3360,1280,1920,s35_p160.log,s35_p160.txt,FAIL_STUCK,1920,1,20
35,200,FAIL_STUCK,22,3399,1200,2200,s35_p200.log,s35_p200.txt,FAIL_STUCK,1600,2,20
35,250,FAIL_STUCK,19,3001,1375,2750,s35_p250.log,s35_p250.txt,FAIL_STUCK,1500,0,19
35,300,FAIL_STUCK,14,4800,2400,3001,s35_p300.log,s35_p300.txt,FAIL_STUCK,3001,2,12
35,500,FAIL_STUCK,12,4492,2501,3501,s35_p500.log,s35_p500.txt,FAIL_STUCK,7001,2,10
35,1000,FAIL_STUCK,6,6745,3488,5000,s35_p1000.log,s35_p1000.txt,FAIL_CYCLING,8257,2,4
50,50,FAIL_STUCK,43,705,700,705,s50_p50.log,s50_p50.txt,FAIL_STUCK,705,0,43
50,100,FAIL_STUCK,27,2000,1000,1600,s50_p100.log,s50_p100.txt,FAIL_STUCK,2000,0,27
50,140,FAIL_STUCK,15,5180,1258,3220,s50_p140.log,s50_p140.txt,FAIL_STUCK,1685,2,13
50,145,FAIL_STUCK,28,1740,1015,1445,s50_p145.log,s50_p145.txt,FAIL_STUCK,1740,1,27
50,150,FAIL_STUCK,22,2603,1205,2550,s50_p150.log,s50_p150.txt,FAIL_STUCK,3051,2,20
50,155,FAIL_STUCK,12,5125,1395,4397,s50_p155.log,s50_p155.txt,FAIL_STUCK,4397,2,10
50,160,FAIL_STUCK,28,1921,960,1441,s50_p160.log,s50_p160.txt,FAIL_STUCK,1120,0,28
50,200,FAIL_STUCK,21,2601,1100,2000,s50_p200.log,s50_p200.txt,FAIL_STUCK,2000,0,21
50,250,FAIL_STUCK,18,4250,1001,3251,s50_p250.log,s50_p250.txt,FAIL_STUCK,3251,1,17
50,300,FAIL_STUCK,15,3300,1350,2700,s50_p300.log,s50_p300.txt,FAIL_STUCK,2100,2,13
50,500,FAIL_STUCK,11,5000,2496,3000,s50_p500.log,s50_p500.txt,FAIL_STUCK,3000,2,9
50,1000,FAIL_STUCK,10,6000,2001,5000,s50_p1000.log,s50_p1000.txt,FAIL_STUCK,4000,2,8
100,50,FAIL_STUCK,30,1505,1000,1005,s100_p50.log,s100_p50.txt,FAIL_STUCK,3010,2,28
100,100,FAIL_STUCK,31,1505,1000,1005,s100_p100.log,s100_p100.txt,FAIL_STUCK,3010,2,29
100,140,FAIL_STUCK,37,1676,702,1126,s100_p140.log,s100_p140.txt,FAIL_STUCK,1534,0,37
100,145,FAIL_STUCK,35,1595,725,1305,s100_p145.log,s100_p145.txt,FAIL_STUCK,1595,0,35
100,150,FAIL_STUCK,35,2854,605,1204,s100_p150.log,s100_p150.txt,FAIL_STUCK,904,0,35
100,155,FAIL_STUCK,30,1705,930,1550,s100_p155.log,s100_p155.txt,FAIL_STUCK,1240,1,29
100,160,FAIL_STUCK,35,1280,800,1120,s100_p160.log,s100_p160.txt,FAIL_STUCK,1120,0,35
100,200,FAIL_STUCK,29,2200,1000,1405,s100_p200.log,s100_p200.txt,FAIL_STUCK,2200,1,28
100,250,FAIL_STUCK,27,2150,1005,1744,s100_p250.log,s100_p250.txt,FAIL_STUCK,1500,1,26
100,300,FAIL_STUCK,32,3180,603,1202,s100_p300.log,s100_p300.txt,FAIL_STUCK,1054,0,32
100,500,FAIL_STUCK,17,4395,1500,2396,s100_p500.log,s100_p500.txt,FAIL_STUCK,3999,2,15
100,1000,FAIL_STUCK,11,7897,1948,6000,s100_p1000.log,s100_p1000.txt,FAIL_CYCLING,8430,2,9
150,50,FAIL_STUCK,25,1955,1205,1205,s150_p50.log,s150_p50.txt,FAIL_STUCK,3910,2,23
150,100,FAIL_STUCK,25,1955,1205,1205,s150_p100.log,s150_p100.txt,FAIL_STUCK,3910,2,23
150,140,FAIL_STUCK,25,1955,1205,1205,s150_p140.log,s150_p140.txt,FAIL_STUCK,3910,2,23
150,145,FAIL_STUCK,25,1955,1205,1205,s150_p145.log,s150_p145.txt,FAIL_STUCK,3910,2,23
150,150,FAIL_STUCK,25,1955,1205,1205,s150_p150.log,s150_p150.txt,FAIL_STUCK,3910,2,23
150,155,FAIL_STUCK,29,2945,930,1090,s150_p155.log,s150_p155.txt,FAIL_STUCK,1080,2,27
150,160,FAIL_STUCK,31,1605,960,1280,s150_p160.log,s150_p160.txt,FAIL_STUCK,1280,2,29
150,200,FAIL_STUCK,31,1395,805,1200,s150_p200.log,s150_p200.txt,FAIL_STUCK,805,1,30
150,250,FAIL_STUCK,29,1905,924,1601,s150_p250.log,s150_p250.txt,FAIL_STUCK,1905,0,29
150,300,FAIL_STUCK,28,2027,905,1501,s150_p300.log,s150_p300.txt,FAIL_STUCK,1103,0,28
150,500,FAIL_STUCK,19,3000,1422,2499,s150_p500.log,s150_p500.txt,FAIL_STUCK,3478,2,17
150,1000,FAIL_STUCK,13,5176,1734,4000,s150_p1000.log,s150_p1000.txt,FAIL_STUCK,5176,2,11
250,50,FAIL_STUCK,20,2510,1505,1505,s250_p50.log,s250_p50.txt,FAIL_STUCK,1505,2,18
250,100,FAIL_STUCK,20,2510,1505,1505,s250_p100.log,s250_p100.txt,FAIL_STUCK,1505,2,18
250,140,FAIL_STUCK,20,2510,1505,1505,s250_p140.log,s250_p140.txt,FAIL_STUCK,1505,2,18
250,145,FAIL_STUCK,20,2510,1505,1505,s250_p145.log,s250_p145.txt,FAIL_STUCK,1505,2,18
250,150,FAIL_STUCK,20,2510,1505,1505,s250_p150.log,s250_p150.txt,FAIL_STUCK,1505,2,18
250,155,FAIL_STUCK,20,2510,1505,1505,s250_p155.log,s250_p155.txt,FAIL_STUCK,1505,2,18
250,160,FAIL_STUCK,20,2510,1505,1505,s250_p160.log,s250_p160.txt,FAIL_STUCK,1505,2,18
250,200,FAIL_STUCK,20,2510,1505,1505,s250_p200.log,s250_p200.txt,FAIL_STUCK,1505,2,18
250,250,FAIL_STUCK,20,2510,1505,1505,s250_p250.log,s250_p250.txt,FAIL_STUCK,1505,2,18
250,300,FAIL_STUCK,32,1800,605,1200,s250_p300.log,s250_p300.txt,FAIL_STUCK,605,0,32
250,500,FAIL_STUCK,13,5500,1500,3000,s250_p500.log,s250_p500.txt,FAIL_STUCK,5500,2,11
250,1000,FAIL_STUCK,15,7000,1126,2750,s250_p1000.log,s250_p1000.txt,FAIL_STUCK,5000,2,13
300,50,FAIL_STUCK,16,3010,1805,1805,s300_p50.log,s300_p50.txt,FAIL_STUCK,1805,2,14
300,100,FAIL_STUCK,16,3010,1805,1805,s300_p100.log,s300_p100.txt,FAIL_STUCK,1805,2,14
300,140,FAIL_STUCK,16,3010,1805,1805,s300_p140.log,s300_p140.txt,FAIL_STUCK,1805,2,14
300,145,FAIL_STUCK,16,3010,1805,1805,s300_p145.log,s300_p145.txt,FAIL_STUCK,1805,2,14
300,150,FAIL_STUCK,16,3010,1805,1805,s300_p150.log,s300_p150.txt,FAIL_STUCK,1805,2,14
300,155,FAIL_STUCK,16,3010,1805,1805,s300_p155.log,s300_p155.txt,FAIL_STUCK,1805,2,14
300,160,FAIL_STUCK,16,3010,1805,1805,s300_p160.log,s300_p160.txt,FAIL_STUCK,1805,2,14
300,200,FAIL_STUCK,16,3010,1805,1805,s300_p200.log,s300_p200.txt,FAIL_STUCK,1805,2,14
300,250,FAIL_STUCK,16,3010,1805,1805,s300_p250.log,s300_p250.txt,FAIL_STUCK,1805,2,14
300,300,FAIL_STUCK,16,3010,1805,1805,s300_p300.log,s300_p300.txt,FAIL_STUCK,1805,2,14
300,500,FAIL_STUCK,16,4500,1500,3000,s300_p500.log,s300_p500.txt,FAIL_STUCK,6500,2,14
300,1000,FAIL_STUCK,11,5743,2125,4000,s300_p1000.log,s300_p1000.txt,FAIL_STUCK,4000,2,9
500,50,FAIL_STUCK,11,4510,3008,3010,s500_p50.log,s500_p50.txt,FAIL_CYCLING,3010,2,9
500,100,FAIL_STUCK,10,4510,3010,3010,s500_p100.log,s500_p100.txt,FAIL_CYCLING,3010,2,8
500,140,FAIL_STUCK,10,4510,3010,3010,s500_p140.log,s500_p140.txt,FAIL_CYCLING,3010,2,8
500,145,FAIL_STUCK,10,4510,3010,3010,s500_p145.log,s500_p145.txt,FAIL_CYCLING,3010,2,8
500,150,FAIL_STUCK,11,4510,3008,3010,s500_p150.log,s500_p150.txt,FAIL_CYCLING,3010,2,9
500,155,FAIL_STUCK,10,4510,3010,3010,s500_p155.log,s500_p155.txt,FAIL_CYCLING,3010,2,8
500,160,FAIL_STUCK,10,4510,3010,3010,s500_p160.log,s500_p160.txt,FAIL_CYCLING,3010,2,8
500,200,FAIL_STUCK,10,4510,3010,3010,s500_p200.log,s500_p200.txt,FAIL_CYCLING,3010,2,8
500,250,FAIL_STUCK,10,4510,3010,3010,s500_p250.log,s500_p250.txt,FAIL_CYCLING,3010,2,8
500,300,FAIL_STUCK,10,4510,3010,3010,s500_p300.log,s500_p300.txt,FAIL_CYCLING,3010,2,8
500,500,FAIL_STUCK,10,4510,3010,3010,s500_p500.log,s500_p500.txt,FAIL_CYCLING,3010,2,8
500,1000,FAIL_STUCK,10,7000,2729,4750,s500_p1000.log,s500_p1000.txt,FAIL_CYCLING,8271,2,8
1000,50,FAIL_STUCK,5,6015,6015,6015,s1000_p50.log,s1000_p50.txt,FAIL_STUCK,6015,1,4
1000,100,FAIL_STUCK,5,6015,6015,6015,s1000_p100.log,s1000_p100.txt,FAIL_STUCK,6015,1,4
1000,140,FAIL_STUCK,5,6015,6015,6015,s1000_p140.log,s1000_p140.txt,FAIL_STUCK,6015,1,4
1000,145,FAIL_STUCK,5,6015,6015,6015,s1000_p145.log,s1000_p145.txt,FAIL_STUCK,6015,1,4
1000,150,FAIL_STUCK,5,6015,6015,6015,s1000_p150.log,s1000_p150.txt,FAIL_STUCK,6015,1,4
1000,155,FAIL_STUCK,5,6015,6015,6015,s1000_p155.log,s1000_p155.txt,FAIL_STUCK,6015,1,4
1000,160,FAIL_STUCK,5,6015,6015,6015,s1000_p160.log,s1000_p160.txt,FAIL_STUCK,6015,1,4
1000,200,FAIL_STUCK,5,6015,6015,6015,s1000_p200.log,s1000_p200.txt,FAIL_STUCK,6015,1,4
1000,250,FAIL_STUCK,5,6015,6015,6015,s1000_p250.log,s1000_p250.txt,FAIL_STUCK,6015,1,4
1000,300,FAIL_STUCK,5,6015,6015,6015,s1000_p300.log,s1000_p300.txt,FAIL_STUCK,6015,1,4
1000,500,FAIL_STUCK,5,6015,6015,6015,s1000_p500.log,s1000_p500.txt,FAIL_STUCK,6015,1,4
1000,1000,FAIL_STUCK,5,6015,6015,6015,s1000_p1000.log,s1000_p1000.txt,FAIL_STUCK,6015,1,4
