stall_ms,period_ms,verdict,tx_events,max_gap_ms,median_gap_ms,p90_gap_ms,capture,transcript,verdict_v2,monotone_prefix_max_ms,it_count,poll_count,verdict_v2,monotone_prefix_max_ms,it_count,poll_count
1,125,FAIL_STUCK,57,2250,900,1500,s1_p125_yield.log,s1_p125_yield.txt,FAIL_STUCK,2100,0,57,FAIL_STUCK,2100,0,57
1,145,FAIL_STUCK,53,2550,976,1500,s1_p145_yield.log,s1_p145_yield.txt,FAIL_STUCK,1200,0,53,FAIL_STUCK,1200,0,53
1,150,FAIL_STUCK,57,2400,902,1500,s1_p150_yield.log,s1_p150_yield.txt,FAIL_STUCK,900,0,57,FAIL_STUCK,900,0,57
1,155,FAIL_STUCK,61,1650,900,1353,s1_p155_yield.log,s1_p155_yield.txt,FAIL_STUCK,1050,0,61,FAIL_STUCK,1050,0,61
1,200,FAIL_STUCK,57,1650,900,1353,s1_p200_yield.log,s1_p200_yield.txt,FAIL_STUCK,1350,0,57,FAIL_STUCK,1350,0,57
1,233,FAIL_STUCK,61,2250,900,1500,s1_p233_yield.log,s1_p233_yield.txt,FAIL_STUCK,900,0,61,FAIL_STUCK,900,0,61
1,250,FAIL_STUCK,56,2850,900,1650,s1_p250_yield.log,s1_p250_yield.txt,FAIL_STUCK,900,0,56,FAIL_STUCK,900,0,56
1,373,FAIL_STUCK,62,1953,900,1353,s1_p373_yield.log,s1_p373_yield.txt,FAIL_STUCK,1500,0,62,FAIL_STUCK,1500,0,62
1,500,FAIL_STUCK,60,2550,900,1650,s1_p500_yield.log,s1_p500_yield.txt,FAIL_STUCK,1045,0,60,FAIL_STUCK,1045,0,60
3,125,FAIL_STUCK,57,2100,900,1500,s3_p125_yield.log,s3_p125_yield.txt,FAIL_STUCK,900,0,57,FAIL_STUCK,900,0,57
3,145,FAIL_STUCK,57,1950,900,1500,s3_p145_yield.log,s3_p145_yield.txt,FAIL_STUCK,755,0,57,FAIL_STUCK,755,0,57
3,150,FAIL_STUCK,54,1950,1050,1500,s3_p150_yield.log,s3_p150_yield.txt,FAIL_STUCK,1200,0,54,FAIL_STUCK,1200,0,54
3,155,FAIL_STUCK,59,1800,901,1353,s3_p155_yield.log,s3_p155_yield.txt,FAIL_STUCK,1500,0,59,FAIL_STUCK,1500,0,59
3,200,FAIL_STUCK,61,2251,900,1500,s3_p200_yield.log,s3_p200_yield.txt,FAIL_STUCK,1050,0,61,FAIL_STUCK,1050,0,61
3,233,FAIL_STUCK,58,2100,900,1500,s3_p233_yield.log,s3_p233_yield.txt,FAIL_STUCK,1200,0,58,FAIL_STUCK,1200,0,58
3,250,FAIL_STUCK,63,1800,900,1350,s3_p250_yield.log,s3_p250_yield.txt,FAIL_STUCK,1350,0,63,FAIL_STUCK,1350,0,63
3,373,FAIL_STUCK,55,2850,900,1650,s3_p373_yield.log,s3_p373_yield.txt,FAIL_STUCK,2850,0,55,FAIL_STUCK,2850,0,55
3,500,FAIL_STUCK,56,2253,900,1650,s3_p500_yield.log,s3_p500_yield.txt,FAIL_STUCK,1800,0,56,FAIL_STUCK,1800,0,56
5,125,FAIL_STUCK,51,2400,1050,1651,s5_p125_yield.log,s5_p125_yield.txt,FAIL_STUCK,1050,0,51,FAIL_STUCK,1050,0,51
5,145,FAIL_STUCK,48,3900,1200,1950,s5_p145_yield.log,s5_p145_yield.txt,FAIL_STUCK,1950,0,48,FAIL_STUCK,1950,0,48
5,150,FAIL_STUCK,54,3750,900,1650,s5_p150_yield.log,s5_p150_yield.txt,FAIL_STUCK,1500,0,54,FAIL_STUCK,1500,0,54
5,155,FAIL_STUCK,57,2100,900,1500,s5_p155_yield.log,s5_p155_yield.txt,FAIL_STUCK,1050,0,57,FAIL_STUCK,1050,0,57
5,200,FAIL_STUCK,54,2550,901,1501,s5_p200_yield.log,s5_p200_yield.txt,FAIL_STUCK,1951,0,54,FAIL_STUCK,1951,0,54
5,233,FAIL_STUCK,58,2703,900,1650,s5_p233_yield.log,s5_p233_yield.txt,FAIL_STUCK,1200,0,58,FAIL_STUCK,1200,0,58
5,250,FAIL_STUCK,52,2250,1050,1653,s5_p250_yield.log,s5_p250_yield.txt,FAIL_STUCK,1653,0,52,FAIL_STUCK,1653,0,52
5,373,FAIL_STUCK,59,2704,900,1500,s5_p373_yield.log,s5_p373_yield.txt,FAIL_STUCK,2402,0,59,FAIL_STUCK,2402,0,59
5,500,FAIL_STUCK,53,2403,976,1802,s5_p500_yield.log,s5_p500_yield.txt,FAIL_STUCK,2253,0,53,FAIL_STUCK,2253,0,53
7,125,FAIL_STUCK,45,3453,901,2253,s7_p125_yield.log,s7_p125_yield.txt,FAIL_STUCK,1800,0,45,FAIL_STUCK,1800,0,45
7,145,FAIL_STUCK,58,2402,906,1510,s7_p145_yield.log,s7_p145_yield.txt,FAIL_STUCK,1500,0,58,FAIL_STUCK,1500,0,58
7,150,FAIL_STUCK,53,2852,900,1802,s7_p150_yield.log,s7_p150_yield.txt,FAIL_STUCK,2550,0,53,FAIL_STUCK,2550,0,53
7,155,FAIL_STUCK,61,3006,900,1500,s7_p155_yield.log,s7_p155_yield.txt,FAIL_STUCK,1500,0,61,FAIL_STUCK,1500,0,61
7,200,FAIL_STUCK,54,3300,1050,1500,s7_p200_yield.log,s7_p200_yield.txt,FAIL_STUCK,1050,0,54,FAIL_STUCK,1050,0,54
7,233,FAIL_STUCK,60,4653,750,1800,s7_p233_yield.log,s7_p233_yield.txt,FAIL_STUCK,900,0,60,FAIL_STUCK,900,0,60
7,250,FAIL_STUCK,54,3306,900,1650,s7_p250_yield.log,s7_p250_yield.txt,FAIL_STUCK,1350,0,54,FAIL_STUCK,1350,0,54
7,373,FAIL_STUCK,52,3302,1045,1650,s7_p373_yield.log,s7_p373_yield.txt,FAIL_STUCK,1650,0,52,FAIL_STUCK,1650,0,52
7,500,FAIL_STUCK,51,2853,1050,1800,s7_p500_yield.log,s7_p500_yield.txt,FAIL_STUCK,1350,0,51,FAIL_STUCK,1350,0,51
8,125,FAIL_STUCK,43,4800,1200,1950,s8_p125_yield.log,s8_p125_yield.txt,FAIL_STUCK,1500,0,43,FAIL_STUCK,1500,0,43
8,145,FAIL_STUCK,56,2584,912,1672,s8_p145_yield.log,s8_p145_yield.txt,FAIL_STUCK,1500,0,56,FAIL_STUCK,1500,0,56
8,150,FAIL_STUCK,52,4206,1043,1803,s8_p150_yield.log,s8_p150_yield.txt,FAIL_STUCK,2252,0,52,FAIL_STUCK,2252,0,52
8,155,FAIL_STUCK,49,3307,903,2258,s8_p155_yield.log,s8_p155_yield.txt,FAIL_STUCK,900,0,49,FAIL_STUCK,900,0,49
8,200,FAIL_STUCK,47,3601,1050,1950,s8_p200_yield.log,s8_p200_yield.txt,FAIL_STUCK,3601,0,47,FAIL_STUCK,3601,0,47
8,233,FAIL_STUCK,51,2856,977,1956,s8_p233_yield.log,s8_p233_yield.txt,FAIL_STUCK,903,0,51,FAIL_STUCK,903,0,51
8,250,FAIL_STUCK,48,2853,1200,2100,s8_p250_yield.log,s8_p250_yield.txt,FAIL_STUCK,900,0,48,FAIL_STUCK,900,0,48
8,373,FAIL_STUCK,52,3153,1050,1950,s8_p373_yield.log,s8_p373_yield.txt,FAIL_STUCK,1800,0,52,FAIL_STUCK,1800,0,52
8,500,FAIL_STUCK,50,3000,1050,1950,s8_p500_yield.log,s8_p500_yield.txt,FAIL_STUCK,1200,0,50,FAIL_STUCK,1200,0,50
9,125,FAIL_STUCK,42,5700,900,2251,s9_p125_yield.log,s9_p125_yield.txt,FAIL_STUCK,3450,0,42,FAIL_STUCK,3450,0,42
9,145,FAIL_STUCK,55,4590,765,1530,s9_p145_yield.log,s9_p145_yield.txt,FAIL_STUCK,2262,0,55,FAIL_STUCK,2262,0,55
9,150,FAIL_STUCK,50,3843,791,2254,s9_p150_yield.log,s9_p150_yield.txt,FAIL_STUCK,1802,0,50,FAIL_STUCK,1802,0,50
9,155,FAIL_STUCK,42,4808,1200,1952,s9_p155_yield.log,s9_p155_yield.txt,FAIL_STUCK,1701,0,42,FAIL_STUCK,1701,0,42
9,200,FAIL_STUCK,53,3156,991,1800,s9_p200_yield.log,s9_p200_yield.txt,FAIL_STUCK,3156,0,53,FAIL_STUCK,3156,0,53
9,233,FAIL_STUCK,52,2864,907,1714,s9_p233_yield.log,s9_p233_yield.txt,FAIL_STUCK,1657,0,52,FAIL_STUCK,1657,0,52
9,250,FAIL_STUCK,53,2700,1021,1800,s9_p250_yield.log,s9_p250_yield.txt,FAIL_STUCK,1800,0,53,FAIL_STUCK,1800,0,53
9,373,FAIL_STUCK,57,2852,900,1592,s9_p373_yield.log,s9_p373_yield.txt,FAIL_STUCK,1201,0,57,FAIL_STUCK,1201,0,57
9,500,FAIL_STUCK,55,3450,900,1650,s9_p500_yield.log,s9_p500_yield.txt,FAIL_STUCK,750,0,55,FAIL_STUCK,750,0,55
10,125,FAIL_CYCLING,25,9285,1132,3750,s10_p125_yield.log,s10_p125_yield.txt,FAIL_CYCLING,3750,0,25,FAIL_CYCLING,3750,0,25
10,145,FAIL_STUCK,71,1540,795,1103,s10_p145_yield.log,s10_p145_yield.txt,FAIL_STUCK,955,0,71,FAIL_STUCK,955,0,71
10,150,FAIL_STUCK,68,1879,750,1301,s10_p150_yield.log,s10_p150_yield.txt,FAIL_STUCK,903,0,68,FAIL_STUCK,903,0,68
10,155,FAIL_STUCK,42,4259,983,2456,s10_p155_yield.log,s10_p155_yield.txt,FAIL_STUCK,1738,0,42,FAIL_STUCK,1738,0,42
10,200,FAIL_STUCK,49,3068,1066,2106,s10_p200_yield.log,s10_p200_yield.txt,FAIL_STUCK,2107,0,49,FAIL_STUCK,2107,0,49
10,233,FAIL_STUCK,53,4050,949,1753,s10_p233_yield.log,s10_p233_yield.txt,FAIL_STUCK,1800,0,53,FAIL_STUCK,1800,0,53
10,250,FAIL_STUCK,50,4350,1050,1800,s10_p250_yield.log,s10_p250_yield.txt,FAIL_STUCK,4350,0,50,FAIL_STUCK,4350,0,50
10,373,FAIL_STUCK,64,2250,759,1500,s10_p373_yield.log,s10_p373_yield.txt,FAIL_STUCK,1350,0,64,FAIL_STUCK,1350,0,64
10,500,FAIL_STUCK,54,2400,903,1800,s10_p500_yield.log,s10_p500_yield.txt,FAIL_STUCK,900,0,54,FAIL_STUCK,900,0,54
11,125,FAIL_STUCK,82,2114,600,1039,s11_p125_yield.log,s11_p125_yield.txt,FAIL_STUCK,745,0,82,FAIL_STUCK,745,0,82
11,145,FAIL_STUCK,68,1550,800,1240,s11_p145_yield.log,s11_p145_yield.txt,FAIL_STUCK,914,0,68,FAIL_STUCK,914,0,68
11,150,FAIL_STUCK,61,2257,825,1421,s11_p150_yield.log,s11_p150_yield.txt,FAIL_STUCK,1305,0,61,FAIL_STUCK,1305,0,61
11,155,FAIL_STUCK,59,2863,775,1506,s11_p155_yield.log,s11_p155_yield.txt,FAIL_STUCK,655,0,59,FAIL_STUCK,655,0,59
11,200,FAIL_STUCK,60,2115,900,1637,s11_p200_yield.log,s11_p200_yield.txt,FAIL_STUCK,1506,0,60,FAIL_STUCK,1506,0,60
11,233,FAIL_STUCK,61,2552,795,1696,s11_p233_yield.log,s11_p233_yield.txt,FAIL_STUCK,2002,0,61,FAIL_STUCK,2002,0,61
11,250,FAIL_STUCK,48,3419,1050,1950,s11_p250_yield.log,s11_p250_yield.txt,FAIL_STUCK,1950,0,48,FAIL_STUCK,1950,0,48
11,373,FAIL_STUCK,55,3901,901,1552,s11_p373_yield.log,s11_p373_yield.txt,FAIL_STUCK,1142,0,55,FAIL_STUCK,1142,0,55
11,500,FAIL_STUCK,61,2106,900,1506,s11_p500_yield.log,s11_p500_yield.txt,FAIL_STUCK,1650,0,61,FAIL_STUCK,1650,0,61
12,125,FAIL_STUCK,71,2700,600,1338,s12_p125_yield.log,s12_p125_yield.txt,FAIL_STUCK,1303,0,71,FAIL_STUCK,1303,0,71
12,145,FAIL_STUCK,63,1434,792,1404,s12_p145_yield.log,s12_p145_yield.txt,FAIL_STUCK,1119,0,63,FAIL_STUCK,1119,0,63
12,150,FAIL_STUCK,56,2587,914,1630,s12_p150_yield.log,s12_p150_yield.txt,FAIL_STUCK,1461,0,56,FAIL_STUCK,1461,0,56
12,155,FAIL_STUCK,58,3202,776,1726,s12_p155_yield.log,s12_p155_yield.txt,FAIL_STUCK,944,0,58,FAIL_STUCK,944,0,58
12,200,FAIL_STUCK,58,4069,884,1459,s12_p200_yield.log,s12_p200_yield.txt,FAIL_STUCK,2418,0,58,FAIL_STUCK,2418,0,58
12,233,FAIL_STUCK,60,2694,900,1544,s12_p233_yield.log,s12_p233_yield.txt,FAIL_STUCK,1056,0,60,FAIL_STUCK,1056,0,60
12,250,FAIL_STUCK,58,3303,880,1500,s12_p250_yield.log,s12_p250_yield.txt,FAIL_STUCK,807,0,58,FAIL_STUCK,807,0,58
12,373,FAIL_STUCK,57,2732,900,1525,s12_p373_yield.log,s12_p373_yield.txt,FAIL_STUCK,2000,0,57,FAIL_STUCK,2000,0,57
12,500,FAIL_STUCK,54,2636,997,1562,s12_p500_yield.log,s12_p500_yield.txt,FAIL_STUCK,1200,0,54,FAIL_STUCK,1200,0,54
15,125,FAIL_STUCK,40,4500,1200,2703,s15_p125_yield.log,s15_p125_yield.txt,FAIL_STUCK,3000,0,40,FAIL_STUCK,3000,0,40
15,145,FAIL_STUCK,68,1908,795,1211,s15_p145_yield.log,s15_p145_yield.txt,FAIL_STUCK,1211,0,68,FAIL_STUCK,1211,0,68
15,150,FAIL_STUCK,47,2653,1098,1952,s15_p150_yield.log,s15_p150_yield.txt,FAIL_STUCK,1938,0,47,FAIL_STUCK,1938,0,47
15,155,FAIL_STUCK,53,2408,976,1804,s15_p155_yield.log,s15_p155_yield.txt,FAIL_STUCK,1504,0,53,FAIL_STUCK,1504,0,53
15,200,FAIL_STUCK,64,2235,686,1564,s15_p200_yield.log,s15_p200_yield.txt,FAIL_STUCK,1635,0,64,FAIL_STUCK,1635,0,64
15,233,FAIL_STUCK,61,1638,998,1316,s15_p233_yield.log,s15_p233_yield.txt,FAIL_STUCK,1338,0,61,FAIL_STUCK,1338,0,61
15,250,FAIL_STUCK,62,2413,808,1806,s15_p250_yield.log,s15_p250_yield.txt,FAIL_STUCK,1385,0,62,FAIL_STUCK,1385,0,62
15,373,FAIL_STUCK,59,2703,901,1502,s15_p373_yield.log,s15_p373_yield.txt,FAIL_STUCK,1476,0,59,FAIL_STUCK,1476,0,59
15,500,FAIL_STUCK,64,2321,829,1500,s15_p500_yield.log,s15_p500_yield.txt,FAIL_STUCK,1650,0,64,FAIL_STUCK,1650,0,64
20,125,FAIL_STUCK,77,1500,750,900,s20_p125_yield.log,s20_p125_yield.txt,FAIL_STUCK,900,0,77,FAIL_STUCK,900,0,77
20,145,FAIL_STUCK,67,1968,795,1313,s20_p145_yield.log,s20_p145_yield.txt,FAIL_STUCK,846,0,67,FAIL_STUCK,846,0,67
20,150,FAIL_STUCK,58,1955,881,1679,s20_p150_yield.log,s20_p150_yield.txt,FAIL_STUCK,1021,0,58,FAIL_STUCK,1021,0,58
20,155,FAIL_STUCK,62,2000,900,1414,s20_p155_yield.log,s20_p155_yield.txt,FAIL_STUCK,891,0,62,FAIL_STUCK,891,0,62
20,200,FAIL_STUCK,58,2250,900,1411,s20_p200_yield.log,s20_p200_yield.txt,FAIL_STUCK,1350,0,58,FAIL_STUCK,1350,0,58
20,233,FAIL_STUCK,71,2418,827,1212,s20_p233_yield.log,s20_p233_yield.txt,FAIL_STUCK,1310,0,71,FAIL_STUCK,1310,0,71
20,250,FAIL_STUCK,61,3520,880,1519,s20_p250_yield.log,s20_p250_yield.txt,FAIL_STUCK,1142,0,61,FAIL_STUCK,1142,0,61
20,373,FAIL_STUCK,53,2400,1031,1650,s20_p373_yield.log,s20_p373_yield.txt,FAIL_STUCK,1088,0,53,FAIL_STUCK,1088,0,53
20,500,FAIL_STUCK,60,2550,900,1350,s20_p500_yield.log,s20_p500_yield.txt,FAIL_STUCK,762,0,60,FAIL_STUCK,762,0,60
30,125,FAIL_STUCK,85,1439,616,845,s30_p125_yield.log,s30_p125_yield.txt,FAIL_STUCK,1285,0,85,FAIL_STUCK,1285,0,85
30,145,FAIL_STUCK,65,1591,870,1218,s30_p145_yield.log,s30_p145_yield.txt,FAIL_STUCK,895,0,65,FAIL_STUCK,895,0,65
30,150,FAIL_STUCK,70,2040,774,1100,s30_p150_yield.log,s30_p150_yield.txt,FAIL_STUCK,774,0,70,FAIL_STUCK,774,0,70
30,155,FAIL_STUCK,56,2385,921,1635,s30_p155_yield.log,s30_p155_yield.txt,FAIL_STUCK,2385,0,56,FAIL_STUCK,2385,0,56
30,200,FAIL_STUCK,35,4830,1603,2870,s30_p200_yield.log,s30_p200_yield.txt,FAIL_STUCK,2981,0,35,FAIL_STUCK,2981,0,35
30,233,FAIL_STUCK,57,2210,992,1593,s30_p233_yield.log,s30_p233_yield.txt,FAIL_STUCK,918,0,57,FAIL_STUCK,918,0,57
30,250,FAIL_STUCK,66,1875,825,1200,s30_p250_yield.log,s30_p250_yield.txt,FAIL_STUCK,798,0,66,FAIL_STUCK,798,0,66
30,373,FAIL_STUCK,58,2578,857,1430,s30_p373_yield.log,s30_p373_yield.txt,FAIL_STUCK,1430,0,58,FAIL_STUCK,1430,0,58
30,500,FAIL_STUCK,48,2875,1058,2116,s30_p500_yield.log,s30_p500_yield.txt,FAIL_STUCK,1950,0,48,FAIL_STUCK,1950,0,48
50,125,FAIL_STUCK,58,2088,871,1740,s50_p125_yield.log,s50_p125_yield.txt,FAIL_STUCK,1820,0,58,FAIL_STUCK,1820,0,58
50,145,FAIL_STUCK,83,1720,583,885,s50_p145_yield.log,s50_p145_yield.txt,FAIL_STUCK,1164,0,83,FAIL_STUCK,1164,0,83
50,150,FAIL_STUCK,57,2388,920,1740,s50_p150_yield.log,s50_p150_yield.txt,FAIL_STUCK,2194,0,57,FAIL_STUCK,2194,0,57
50,155,FAIL_STUCK,55,2718,933,1697,s50_p155_yield.log,s50_p155_yield.txt,FAIL_STUCK,958,0,55,FAIL_STUCK,958,0,55
50,200,FAIL_STUCK,47,2640,1146,2017,s50_p200_yield.log,s50_p200_yield.txt,FAIL_STUCK,1667,0,47,FAIL_STUCK,1667,0,47
50,233,FAIL_STUCK,59,2700,845,1500,s50_p233_yield.log,s50_p233_yield.txt,FAIL_STUCK,995,0,59,FAIL_STUCK,995,0,59
50,250,FAIL_STUCK,56,3900,805,2100,s50_p250_yield.log,s50_p250_yield.txt,FAIL_STUCK,3150,0,56,FAIL_STUCK,3150,0,56
50,373,FAIL_STUCK,53,3763,914,1497,s50_p373_yield.log,s50_p373_yield.txt,FAIL_STUCK,1700,0,53,FAIL_STUCK,1700,0,53
50,500,FAIL_STUCK,51,2346,1098,1746,s50_p500_yield.log,s50_p500_yield.txt,FAIL_STUCK,730,0,51,FAIL_STUCK,730,0,51
100,125,SKIPPED_REDUNDANT,0,0,0,0,,,SKIPPED_REDUNDANT,0,0,0,ERROR,-1,0,0
100,145,SKIPPED_REDUNDANT,0,0,0,0,,,SKIPPED_REDUNDANT,0,0,0,ERROR,-1,0,0
100,150,SKIPPED_REDUNDANT,0,0,0,0,,,SKIPPED_REDUNDANT,0,0,0,ERROR,-1,0,0
100,155,SKIPPED_REDUNDANT,0,0,0,0,,,SKIPPED_REDUNDANT,0,0,0,ERROR,-1,0,0
100,200,FAIL_STUCK,67,1333,900,1050,s100_p200_yield.log,s100_p200_yield.txt,FAIL_STUCK,900,0,67,FAIL_STUCK,900,0,67
100,233,FAIL_STUCK,52,1665,1145,1511,s100_p233_yield.log,s100_p233_yield.txt,FAIL_STUCK,1536,0,52,FAIL_STUCK,1536,0,52
100,250,FAIL_STUCK,64,1545,898,1247,s100_p250_yield.log,s100_p250_yield.txt,FAIL_STUCK,1545,0,64,FAIL_STUCK,1545,0,64
100,373,FAIL_STUCK,63,1968,799,1496,s100_p373_yield.log,s100_p373_yield.txt,FAIL_STUCK,1883,0,63,FAIL_STUCK,1883,0,63
100,500,FAIL_STUCK,58,2050,950,1550,s100_p500_yield.log,s100_p500_yield.txt,FAIL_STUCK,1818,0,58,FAIL_STUCK,1818,0,58
250,125,SKIPPED_REDUNDANT,0,0,0,0,,,SKIPPED_REDUNDANT,0,0,0,ERROR,-1,0,0
250,145,SKIPPED_REDUNDANT,0,0,0,0,,,SKIPPED_REDUNDANT,0,0,0,ERROR,-1,0,0
250,150,SKIPPED_REDUNDANT,0,0,0,0,,,SKIPPED_REDUNDANT,0,0,0,ERROR,-1,0,0
250,155,SKIPPED_REDUNDANT,0,0,0,0,,,SKIPPED_REDUNDANT,0,0,0,ERROR,-1,0,0
250,200,SKIPPED_REDUNDANT,0,0,0,0,,,SKIPPED_REDUNDANT,0,0,0,ERROR,-1,0,0
250,233,SKIPPED_REDUNDANT,0,0,0,0,,,SKIPPED_REDUNDANT,0,0,0,ERROR,-1,0,0
250,250,SKIPPED_REDUNDANT,0,0,0,0,,,SKIPPED_REDUNDANT,0,0,0,ERROR,-1,0,0
250,373,SKIPPED_REDUNDANT,0,0,0,0,,,SKIPPED_REDUNDANT,0,0,0,ERROR,-1,0,0
250,500,FAIL_STUCK,50,2247,1094,1727,s250_p500_yield.log,s250_p500_yield.txt,FAIL_STUCK,1153,0,50,FAIL_STUCK,1153,0,50
